timestamp,road_id,rain_mm,fog_flag,temperature_c,wind_speed_kmh
2025-12-02 00:00:00,R001,9.954235442496424,1,24.18535601123351,41.361627418300245
2025-12-02 00:00:00,R002,0.9779164100736404,0,25.32997734603523,5.055021564882445
2025-12-02 00:00:00,R003,8.718535194230576,1,16.511204346663934,48.95382318580409
2025-12-02 00:00:00,R004,6.281717700063898,0,14.137951245050154,40.38100706832223
2025-12-02 00:00:00,R005,7.139810623978294,0,14.973623313231224,8.99232444526477
2025-12-02 00:00:00,R006,14.339634358862314,0,27.57793188398909,34.61118434024556
2025-12-02 00:00:00,R007,8.755989876323945,0,15.636354681710856,0.8516867715957499
2025-12-02 00:00:00,R008,3.3720847200199877,0,21.279387675065834,17.66869565756184
2025-12-02 00:00:00,R009,12.496049773051013,0,27.639729637653325,1.0356710344193276
2025-12-02 00:00:00,R010,18.71708199039841,0,15.78386619854993,18.22827501796951
2025-12-02 00:15:00,R001,15.531365568529925,1,12.303222831248117,16.34388680647899
2025-12-02 00:15:00,R002,9.252651251153456,0,12.175305267172723,49.569169613082906
2025-12-02 00:15:00,R003,5.708544326942214,1,24.60157789934414,40.94331466898305
2025-12-02 00:15:00,R004,11.647770042558548,0,26.942552661443848,41.229169529835325
2025-12-02 00:15:00,R005,0.24345839426998417,0,31.263027775613487,41.30595116907497
2025-12-02 00:15:00,R006,6.7062443767461914,1,14.414740218512229,0.36556926322899863
2025-12-02 00:15:00,R007,9.259918854884221,0,16.57852950230343,22.52855586735894
2025-12-02 00:15:00,R008,9.61013953095598,1,33.02631509089669,45.406034921198355
2025-12-02 00:15:00,R009,17.07682584686948,0,33.444082975304966,33.709962286177024
2025-12-02 00:15:00,R010,0.8975249024961296,0,26.955092975358312,40.82877548862931
2025-12-02 00:30:00,R001,7.929331575218354,0,23.775468141976667,11.263687757948626
2025-12-02 00:30:00,R002,1.7617203936793469,0,24.52520571504021,25.344587495641534
2025-12-02 00:30:00,R003,18.47207065637313,0,21.207306836175846,32.15951733521715
2025-12-02 00:30:00,R004,12.065342394759348,0,20.940797473923205,47.02628520523766
2025-12-02 00:30:00,R005,3.3175241574467385,0,12.105406556046857,39.0347164280814
2025-12-02 00:30:00,R006,2.200785472539839,0,28.51259148917631,8.87254264381901
2025-12-02 00:30:00,R007,16.04601888013729,0,23.02656344129661,2.1009235410993696
2025-12-02 00:30:00,R008,9.39124480584616,1,18.069530976998536,22.582401207661327
2025-12-02 00:30:00,R009,14.497187495267369,1,14.633250623779787,2.647252046386578
2025-12-02 00:30:00,R010,0.4151046694720395,0,32.30225376764062,6.776527742547456
2025-12-02 00:45:00,R001,4.32178641190754,1,27.68169813466433,14.750436852786331
2025-12-02 00:45:00,R002,6.36786209531471,1,34.935389328314315,9.283579443131934
2025-12-02 00:45:00,R003,7.501879683210582,0,15.558393058060881,19.84345025575877
2025-12-02 00:45:00,R004,7.974175884429158,0,10.970901326084878,41.80718079685381
2025-12-02 00:45:00,R005,17.821114636762005,0,22.126827937434822,30.25812156263794
2025-12-02 00:45:00,R006,18.201698308453885,0,17.914722661748,9.442600477396802
2025-12-02 00:45:00,R007,5.311483719973031,0,28.02542361364218,29.880086516695187
2025-12-02 00:45:00,R008,13.26522585947653,0,23.03203648232997,4.919573211581829
2025-12-02 00:45:00,R009,4.059977294158248,0,31.36242733603447,21.259464586094452
2025-12-02 00:45:00,R010,15.156160539366606,0,31.011115119221195,31.64813659514754
2025-12-02 01:00:00,R001,7.428474601709154,0,22.804251666458622,11.834639995133239
2025-12-02 01:00:00,R002,1.8395382808709537,0,12.465418793031876,49.01331056188536
2025-12-02 01:00:00,R003,3.811944662673188,0,25.407155970884496,23.478529383583872
2025-12-02 01:00:00,R004,14.223714689311455,0,22.312838028803576,22.586833048590186
2025-12-02 01:00:00,R005,0.48573215504184475,0,22.823031334830134,7.620144623742747
2025-12-02 01:00:00,R006,1.0941967172628209,0,34.75512480896666,0.9109213714083741
2025-12-02 01:00:00,R007,18.690049031824742,0,29.89206963228695,0.7535120388401262
2025-12-02 01:00:00,R008,3.7265925653848075,0,30.361459608297544,20.24042062652865
2025-12-02 01:00:00,R009,7.441398174014453,0,17.365718817021442,9.281241202888491
2025-12-02 01:00:00,R010,7.911174221769349,0,27.839515506160865,22.108282529977195
2025-12-02 01:15:00,R001,8.939253779841268,0,21.96357583118678,48.430669433336746
2025-12-02 01:15:00,R002,2.8213859618477777,0,17.916110461699077,16.02994391144162
2025-12-02 01:15:00,R003,8.886640409437131,1,21.644927939111042,44.51803559153023
2025-12-02 01:15:00,R004,6.935224680920444,0,25.095782163012114,31.856218186162838
2025-12-02 01:15:00,R005,13.248539036227704,0,30.004301436414487,16.23835414248661
2025-12-02 01:15:00,R006,2.5837470529333295,0,29.819625951986886,10.375139099259673
2025-12-02 01:15:00,R007,14.17354532155043,1,12.645892762174629,21.289941353684043
2025-12-02 01:15:00,R008,12.144762550554455,0,25.446445363941955,10.40838988976619
2025-12-02 01:15:00,R009,1.6460120331292671,0,12.138443848177923,16.388669820715528
2025-12-02 01:15:00,R010,17.01549126166437,0,10.285476398010656,8.544974206564493
2025-12-02 01:30:00,R001,13.165373168384427,0,32.50035294864469,37.38402111412804
2025-12-02 01:30:00,R002,11.818095602818786,0,29.70020460677538,46.048132461383794
2025-12-02 01:30:00,R003,2.7068198567142576,0,11.72692702131062,7.365276443432666
2025-12-02 01:30:00,R004,12.03209642804113,1,17.18057714759434,31.23937417134513
2025-12-02 01:30:00,R005,12.118370605383683,0,10.627333631183014,22.97821969621281
2025-12-02 01:30:00,R006,10.829239833575127,0,23.478978667195022,36.83238364901308
2025-12-02 01:30:00,R007,9.201525351489288,0,34.94189683036199,43.77027558080953
2025-12-02 01:30:00,R008,19.91742949313192,0,23.393584362160375,29.204821029337502
2025-12-02 01:30:00,R009,2.3423648387127627,0,13.533182728119879,3.6680964203824553
2025-12-02 01:30:00,R010,15.363099606522603,0,25.419314163942637,37.91678216913999
2025-12-02 01:45:00,R001,5.969579584435176,0,29.200742266043665,46.32134882713092
2025-12-02 01:45:00,R002,17.824810981411673,1,13.410842768923164,16.558785459988318
2025-12-02 01:45:00,R003,13.886213557244375,1,17.480962506613096,20.145069233669872
2025-12-02 01:45:00,R004,5.879466235688002,0,28.10233785686132,9.60809567322271
2025-12-02 01:45:00,R005,4.900349848580918,1,29.57911095053732,9.351888667714626
2025-12-02 01:45:00,R006,7.621560827829552,0,11.393392667196247,46.379151478165305
2025-12-02 01:45:00,R007,6.709899215086715,0,10.198564678565253,38.29067819604098
2025-12-02 01:45:00,R008,12.75883970614418,0,21.865987900762736,22.70940780005542
2025-12-02 01:45:00,R009,16.360529120904268,1,23.661236877898858,4.010244167402527
2025-12-02 01:45:00,R010,13.688303989485629,0,31.61146299898128,0.7841553229861742
2025-12-02 02:00:00,R001,10.044255248366268,0,28.101244461907555,17.17306300900739
2025-12-02 02:00:00,R002,11.385993345191071,1,13.198244687015947,48.13447870277493
2025-12-02 02:00:00,R003,13.587420366787967,0,26.737169467771043,32.084280822113165
2025-12-02 02:00:00,R004,17.6320984381393,0,33.366681139692574,12.343188435154644
2025-12-02 02:00:00,R005,11.558628464708129,0,33.300167424671976,1.5547883980403687
2025-12-02 02:00:00,R006,15.512440833654082,0,18.669858288281652,2.698266881633776
2025-12-02 02:00:00,R007,15.091787851628183,0,33.87626541452423,26.387673965424508
2025-12-02 02:00:00,R008,6.3657894565248085,0,22.786242746678866,12.520872315201192
2025-12-02 02:00:00,R009,3.3386748567407887,1,30.17183249042129,36.397403744550836
2025-12-02 02:00:00,R010,3.941152315261558,0,12.85550136606974,10.031779654691448
2025-12-02 02:15:00,R001,3.9009905029946834,0,23.439301436301843,40.06685750831186
2025-12-02 02:15:00,R002,3.6566648953599956,1,13.167592557141024,29.134521744994267
2025-12-02 02:15:00,R003,3.520677676148727,0,24.418192634695245,46.20786053927895
2025-12-02 02:15:00,R004,5.42104608277624,1,13.6769764745813,40.30041899118581
2025-12-02 02:15:00,R005,5.212620156113765,0,13.098786219154606,3.2294922325531603
2025-12-02 02:15:00,R006,4.335068260101973,1,15.252637845267188,30.179981824002777
2025-12-02 02:15:00,R007,1.4196523820904572,1,32.44236400849847,2.5705775685222143
2025-12-02 02:15:00,R008,14.890835342897796,1,34.322789158339944,29.481953689737928
2025-12-02 02:15:00,R009,1.7874560005882367,1,27.936235115089556,36.51813544978322
2025-12-02 02:15:00,R010,15.946682165051529,0,13.701455946742108,7.721269507118095
2025-12-02 02:30:00,R001,19.679449347750804,1,27.445797476533087,38.47723794033895
2025-12-02 02:30:00,R002,12.857092196955564,0,22.41958030071615,6.947085763475036
2025-12-02 02:30:00,R003,8.45956050250374,1,31.913852106648566,28.27715508717517
2025-12-02 02:30:00,R004,7.070163569775123,0,25.031746736154957,11.89712058779812
2025-12-02 02:30:00,R005,10.902456618852288,0,31.2538776250976,41.30127398649195
2025-12-02 02:30:00,R006,1.6508614161969004,0,13.166122435344167,33.17588863762826
2025-12-02 02:30:00,R007,18.75226925481465,1,27.007513398789524,38.81124355592193
2025-12-02 02:30:00,R008,0.8891262078985473,0,18.110948130255938,22.67264779425321
2025-12-02 02:30:00,R009,0.10509024662467725,1,21.82297312266207,30.43880124088837
2025-12-02 02:30:00,R010,13.69446810068987,1,31.059727521916116,18.24747519372635
2025-12-02 02:45:00,R001,13.613227076488661,0,18.11629301584742,44.927138382704946
2025-12-02 02:45:00,R002,16.05000007556618,0,28.93556417938102,2.3113479663217196
2025-12-02 02:45:00,R003,1.1641307584664173,1,30.76266318848785,26.41437306883721
2025-12-02 02:45:00,R004,13.863842505868483,0,28.835036767851744,2.1051632553034993
2025-12-02 02:45:00,R005,13.960824890186633,1,19.49458637099817,30.592687868899183
2025-12-02 02:45:00,R006,17.834770161996058,0,27.73434983236066,29.775858426610203
2025-12-02 02:45:00,R007,6.0561248253009765,0,29.067080327131407,34.18249565647284
2025-12-02 02:45:00,R008,10.198524445025273,1,32.08466531135477,20.715125271071887
2025-12-02 02:45:00,R009,16.341180151413035,1,24.934569131895806,26.840797724748665
2025-12-02 02:45:00,R010,14.34055941866279,1,21.701233263186268,25.470355960026815
2025-12-02 03:00:00,R001,4.442699678613438,1,30.48157150946124,39.488594534019754
2025-12-02 03:00:00,R002,2.5569550094445503,0,13.316541227515483,30.639003472021052
2025-12-02 03:00:00,R003,2.617491624114534,0,26.701297869015296,2.692280479343734
2025-12-02 03:00:00,R004,10.562978260200477,0,26.664041816107044,41.40469371395345
2025-12-02 03:00:00,R005,12.37376738339789,0,25.903940855262704,25.426484340848845
2025-12-02 03:00:00,R006,9.400288329958848,0,28.53398353843791,17.721909500371662
2025-12-02 03:00:00,R007,19.07286635234434,0,24.035813742151525,12.80500118443978
2025-12-02 03:00:00,R008,13.642441215267615,1,13.052888225594302,39.84914956577422
2025-12-02 03:00:00,R009,7.473734965901697,0,16.696518983532343,49.98099831598284
2025-12-02 03:00:00,R010,2.5296700014261164,0,16.200095026446494,27.167086038548284
2025-12-02 03:15:00,R001,10.138137559526573,0,16.864015329845696,18.61670480845789
2025-12-02 03:15:00,R002,14.356785655312086,0,12.76143780792149,26.657902134384713
2025-12-02 03:15:00,R003,4.694465774924426,0,17.210718188497488,17.27571212718465
2025-12-02 03:15:00,R004,0.19485504923384633,0,25.786842349631108,42.17517910086549
2025-12-02 03:15:00,R005,6.67567856478011,0,24.055305366719615,19.965017817331095
2025-12-02 03:15:00,R006,11.666352065636206,0,15.17710926575081,28.882953851302357
2025-12-02 03:15:00,R007,0.8957147046508362,0,21.3729362801487,16.169218525851274
2025-12-02 03:15:00,R008,18.532337538393783,0,31.036660507068618,39.64383274972982
2025-12-02 03:15:00,R009,4.501725828006455,1,32.202791131111375,29.185419568584255
2025-12-02 03:15:00,R010,6.343440879438454,0,11.108986075335325,19.952234225540955
2025-12-02 03:30:00,R001,15.807278386409182,1,25.30844144077247,36.362350979195234
2025-12-02 03:30:00,R002,3.6249818815597545,0,30.730070731358506,39.80419980870985
2025-12-02 03:30:00,R003,10.207953483547271,0,10.579879213207837,39.06476924659518
2025-12-02 03:30:00,R004,13.68666937313778,0,17.171785827990522,36.531274183187605
2025-12-02 03:30:00,R005,2.520311528824668,0,26.98035102190987,21.592313865773843
2025-12-02 03:30:00,R006,9.617095417753848,0,20.062617999886008,21.937932054581683
2025-12-02 03:30:00,R007,3.7255559125936832,0,32.019012927663454,31.96064726371528
2025-12-02 03:30:00,R008,12.068324029138784,0,33.15244040623942,30.477924485137724
2025-12-02 03:30:00,R009,2.974817293654368,0,17.14179023343287,31.375400256207453
2025-12-02 03:30:00,R010,19.712414314668433,0,13.609457824355259,36.29998325697511
2025-12-02 03:45:00,R001,15.864237301263437,1,26.500086242754588,32.43388363410277
2025-12-02 03:45:00,R002,8.362488565119598,0,21.485526944362327,11.38908725315303
2025-12-02 03:45:00,R003,0.7782442057019012,1,34.99096708260441,40.43061002157119
2025-12-02 03:45:00,R004,13.213275698417695,0,20.499163433624332,43.602412059051574
2025-12-02 03:45:00,R005,17.44638304236956,0,16.17205631075612,21.499904860535622
2025-12-02 03:45:00,R006,19.160265303063795,0,27.358860549371826,6.493678410800135
2025-12-02 03:45:00,R007,1.994549581844669,1,32.15745983160572,7.240632462204544
2025-12-02 03:45:00,R008,12.059503075433284,0,31.03749862986224,35.48480354347204
2025-12-02 03:45:00,R009,17.789491908806184,0,28.70106819707586,2.442716862294847
2025-12-02 03:45:00,R010,0.2607411697277695,0,22.06685974568068,32.878911827249425
2025-12-02 04:00:00,R001,15.33771774948785,0,22.39872087466182,32.06651465689433
2025-12-02 04:00:00,R002,15.89906859194441,0,18.169515375921186,33.70160132611737
2025-12-02 04:00:00,R003,13.251770791195291,1,16.299376280930467,24.69119785737789
2025-12-02 04:00:00,R004,5.218165755928368,1,21.80839342603024,8.529772272428621
2025-12-02 04:00:00,R005,19.88418887812763,1,30.26453369182314,9.506272705576752
2025-12-02 04:00:00,R006,16.78246433962122,0,17.06321283103503,24.22289524383106
2025-12-02 04:00:00,R007,0.6068809006268827,0,17.75414887825614,30.64235069614772
2025-12-02 04:00:00,R008,15.704653707199371,0,22.492013527048883,16.260445528810983
2025-12-02 04:00:00,R009,17.784738230622526,0,28.101497732254813,5.306260010880292
2025-12-02 04:00:00,R010,9.016349416619187,0,14.274860233820332,39.31839572058695
2025-12-02 04:15:00,R001,17.38664912036707,1,25.937645703616457,29.290656198873034
2025-12-02 04:15:00,R002,6.494748371098849,0,33.607047861820064,9.956733269511641
2025-12-02 04:15:00,R003,18.424400833414882,1,13.69439094392257,43.406262139068616
2025-12-02 04:15:00,R004,18.88161165794507,1,13.555944753928149,45.59770448243775
2025-12-02 04:15:00,R005,16.336288596082465,0,13.32287100014808,28.98925787675286
2025-12-02 04:15:00,R006,12.747128057837333,1,12.699083175060638,46.61640503436221
2025-12-02 04:15:00,R007,14.91656443027366,0,14.408469179443255,0.9343399317308765
2025-12-02 04:15:00,R008,18.926559189318834,0,17.001018412806996,45.07740020521375
2025-12-02 04:15:00,R009,6.540737744161964,0,15.753931046587871,31.330815151685965
2025-12-02 04:15:00,R010,18.053674327787796,0,15.832611072374618,28.760087829660314
2025-12-02 04:30:00,R001,16.409224512941243,0,25.63400308429813,40.60744864438557
2025-12-02 04:30:00,R002,16.593254530688366,1,29.210748676728826,7.700519862522659
2025-12-02 04:30:00,R003,8.301814118691926,0,24.482097280150114,30.525390794353903
2025-12-02 04:30:00,R004,16.092955168333557,0,19.968192397159605,9.958437334284131
2025-12-02 04:30:00,R005,17.319511538941942,1,29.235500340500227,8.326470789589663
2025-12-02 04:30:00,R006,15.048779114143557,0,10.259200467632837,17.752717193608174
2025-12-02 04:30:00,R007,17.422310381645822,0,28.74446995228876,6.847439799350285
2025-12-02 04:30:00,R008,14.665823221899718,1,28.141168286699358,11.215745215555623
2025-12-02 04:30:00,R009,3.995189112244384,0,15.508605849330468,22.409025715199437
2025-12-02 04:30:00,R010,1.3043814615233762,0,10.479376181836372,35.84974025573261
2025-12-02 04:45:00,R001,1.7185807592770352,0,29.446079763286853,42.664656148024335
2025-12-02 04:45:00,R002,19.194806938417877,0,13.775472332576241,3.8269105299637896
2025-12-02 04:45:00,R003,2.1706678817145564,0,28.268095312425828,18.38673592703335
2025-12-02 04:45:00,R004,13.841636175137051,0,15.842022627292245,48.85268695341913
2025-12-02 04:45:00,R005,11.1057941616502,0,20.620121587271264,21.678299879031655
2025-12-02 04:45:00,R006,0.909698159665624,0,22.908952344600884,3.6326386653126486
2025-12-02 04:45:00,R007,18.63174759631282,0,31.828794116502372,37.549746863347806
2025-12-02 04:45:00,R008,1.4258062103858204,0,28.720624970268275,13.867720536981015
2025-12-02 04:45:00,R009,18.277804755227727,0,17.506049838468627,19.522865734070997
2025-12-02 04:45:00,R010,3.850726341732509,0,27.680923709097605,26.426929674645216
2025-12-02 05:00:00,R001,15.315029975563224,0,18.833359814570287,45.66666467198704
2025-12-02 05:00:00,R002,7.2044267112867555,0,25.49662586311745,6.410010676155547
2025-12-02 05:00:00,R003,4.335946380570159,0,22.040550436645724,33.24818500734828
2025-12-02 05:00:00,R004,7.281671340595921,0,16.602348896045168,34.86559509286541
2025-12-02 05:00:00,R005,12.631285241890382,0,31.190590788671447,49.0232667506204
2025-12-02 05:00:00,R006,12.242053275137124,1,15.484869842813449,37.911173654915025
2025-12-02 05:00:00,R007,2.7716576202666854,0,34.34475265106657,8.587353369885003
2025-12-02 05:00:00,R008,6.145489353578524,0,18.821444548723612,14.81363246810708
2025-12-02 05:00:00,R009,17.162661111745376,0,22.315206214370026,7.573238064834037
2025-12-02 05:00:00,R010,10.977203796637733,0,12.187246054933318,31.383243392853018
2025-12-02 05:15:00,R001,4.254900197606657,1,18.614644114563042,2.3280573480274738
2025-12-02 05:15:00,R002,8.374985715894347,0,32.72167613516892,9.785924945125934
2025-12-02 05:15:00,R003,4.012519051179488,1,10.77405152596642,49.52254742389484
2025-12-02 05:15:00,R004,6.078330339813192,0,11.130450188479292,15.78163233319692
2025-12-02 05:15:00,R005,6.20682688794677,1,21.377416102702863,12.283686519431253
2025-12-02 05:15:00,R006,18.520551418505352,0,27.65710462178546,34.9619076904165
2025-12-02 05:15:00,R007,16.986413174821948,0,16.357407478209417,27.175187295229335
2025-12-02 05:15:00,R008,2.5353397292054924,0,12.55339980829176,31.577831034816317
2025-12-02 05:15:00,R009,0.049232655807620596,0,22.513051862886538,4.668165009784742
2025-12-02 05:15:00,R010,1.0536918168021536,0,32.8398381752684,4.2783470382102955
2025-12-02 05:30:00,R001,13.926319136711427,1,29.350243694320888,46.83713101036357
2025-12-02 05:30:00,R002,9.501832273135854,0,18.606422726364208,43.45122171966907
2025-12-02 05:30:00,R003,5.726296783239231,0,10.748196197202134,15.192726039023064
2025-12-02 05:30:00,R004,7.734294687601995,0,22.430432930559583,7.194893278588054
2025-12-02 05:30:00,R005,2.676922369727517,0,25.173292486453953,24.45111703590777
2025-12-02 05:30:00,R006,1.0744450865019894,0,26.631290115953316,19.196357093990034
2025-12-02 05:30:00,R007,4.239675823154842,0,17.061873328605916,45.175190662084475
2025-12-02 05:30:00,R008,2.014082680082876,0,10.253138069925926,45.58780054128731
2025-12-02 05:30:00,R009,1.5841242364815211,1,28.790130530679235,8.564779808038164
2025-12-02 05:30:00,R010,18.29912606915772,0,34.40380486050611,48.93613955453808
2025-12-02 05:45:00,R001,1.4427692304692674,1,15.933579607172657,9.271600610143393
2025-12-02 05:45:00,R002,0.4123609566474773,0,34.35465691041104,38.4547410487709
2025-12-02 05:45:00,R003,18.278093515506367,0,14.460793402421581,2.216134621738802
2025-12-02 05:45:00,R004,4.041328142579084,1,13.742259664632158,13.996117318122735
2025-12-02 05:45:00,R005,14.104732423283028,0,33.40700758293073,22.070745082147
2025-12-02 05:45:00,R006,7.008912121252726,0,27.470283865919008,2.6482969854434657
2025-12-02 05:45:00,R007,7.8572251401958475,0,28.576905402244197,26.15549327705408
2025-12-02 05:45:00,R008,11.25605405521135,0,34.22906249182913,14.90015043523652
2025-12-02 05:45:00,R009,14.87429855669518,0,13.766840447041425,34.668133780088986
2025-12-02 05:45:00,R010,17.012879193869924,1,28.713340818330003,18.921101379864584
2025-12-02 06:00:00,R001,6.895250020342032,0,16.16886396911682,16.06817872363841
2025-12-02 06:00:00,R002,0.23120818207835958,0,10.781831285204188,28.03704733616096
2025-12-02 06:00:00,R003,7.74956464005977,0,27.21173666701848,14.463811939511134
2025-12-02 06:00:00,R004,18.726530103436318,1,20.60459848024575,12.40427987011093
2025-12-02 06:00:00,R005,4.711640251886888,0,10.48956348986328,29.933766806556683
2025-12-02 06:00:00,R006,17.506224645334754,0,13.630958675045884,39.62145644860253
2025-12-02 06:00:00,R007,2.7496628771730736,0,14.20590400457804,23.294238798191625
2025-12-02 06:00:00,R008,11.622471367894482,0,12.560146530568385,5.506923722542378
2025-12-02 06:00:00,R009,13.3318088374632,0,17.393797342070478,29.314267890123325
2025-12-02 06:00:00,R010,18.301262736174852,0,24.921885430374985,23.77058206880608
2025-12-02 06:15:00,R001,10.86513423379576,1,18.61089386181292,20.220215092704656
2025-12-02 06:15:00,R002,6.853013006392111,1,23.9844660327228,12.357570612930635
2025-12-02 06:15:00,R003,10.706826573806751,1,18.528053915500347,28.4172576104262
2025-12-02 06:15:00,R004,2.612409464226426,0,10.948869132790783,7.333652313060885
2025-12-02 06:15:00,R005,4.081101526538225,1,20.294338296767386,44.609567738819955
2025-12-02 06:15:00,R006,14.083786526606243,1,26.286734328706334,25.601419418370437
2025-12-02 06:15:00,R007,17.60426339824424,0,16.665145970103453,20.281739293812294
2025-12-02 06:15:00,R008,6.2481822877542115,1,25.743580920821138,38.25119953216187
2025-12-02 06:15:00,R009,8.032641253243211,0,27.611235402482414,0.4990945078550135
2025-12-02 06:15:00,R010,17.122191213577732,1,14.455707177219173,48.09722615715827
2025-12-02 06:30:00,R001,19.503620661514972,1,10.610631957922788,33.9533126834453
2025-12-02 06:30:00,R002,9.8005263884816,0,34.297541032309645,45.061768961252994
2025-12-02 06:30:00,R003,10.878245624731214,0,31.087934675452757,46.02342628591139
2025-12-02 06:30:00,R004,16.9460403665,0,28.806514858184123,11.703747673170184
2025-12-02 06:30:00,R005,9.988657446592907,1,24.85409031542237,36.71800435840531
2025-12-02 06:30:00,R006,19.660919336536786,1,22.51526848484114,31.456127703307295
2025-12-02 06:30:00,R007,9.672736433155556,0,21.445996638671666,27.563984099899564
2025-12-02 06:30:00,R008,10.277275346672374,0,27.393546384474764,49.804046310488424
2025-12-02 06:30:00,R009,3.9678070917015096,0,26.69992054910793,10.532337234078637
2025-12-02 06:30:00,R010,15.94869993194397,1,29.9224993858828,36.21897198281012
2025-12-02 06:45:00,R001,2.931039462733107,1,28.573274074617206,30.7964923799533
2025-12-02 06:45:00,R002,13.26004309863622,0,32.48293523102478,41.28971272619318
2025-12-02 06:45:00,R003,18.932529306777603,0,29.827433752190217,27.331270467835246
2025-12-02 06:45:00,R004,9.262065784918159,0,29.31188704204459,16.71366610496841
2025-12-02 06:45:00,R005,5.041386345316569,1,30.12446043070792,14.822837520322585
2025-12-02 06:45:00,R006,18.11332215345534,1,27.774358863535618,0.9935889178993129
2025-12-02 06:45:00,R007,9.93601911575179,0,24.405924785079797,14.434663804432734
2025-12-02 06:45:00,R008,16.632681967494406,0,13.13281391747863,18.729696723372303
2025-12-02 06:45:00,R009,19.91589162522661,0,29.82311783227312,44.330019626686024
2025-12-02 06:45:00,R010,3.2010765752408865,0,22.19673679493826,47.898954906130854
2025-12-02 07:00:00,R001,12.083189032005286,0,21.201651891793887,35.612443268537184
2025-12-02 07:00:00,R002,1.7217405709999634,1,15.120089617514159,28.78608561075953
2025-12-02 07:00:00,R003,12.384529469578226,0,23.087596046241895,8.792816955115141
2025-12-02 07:00:00,R004,9.209852723577177,0,20.122766769238282,25.704874811206153
2025-12-02 07:00:00,R005,12.96846923739075,1,11.227359965609573,11.504414559068316
2025-12-02 07:00:00,R006,19.401713835367005,1,26.523228725958596,42.5708304775238
2025-12-02 07:00:00,R007,15.495433086011925,0,23.205855135982254,2.4055385535224074
2025-12-02 07:00:00,R008,3.477556808664759,0,13.214225247400707,48.63563577893568
2025-12-02 07:00:00,R009,10.74723381122664,0,15.589955703987043,26.055930462367964
2025-12-02 07:00:00,R010,6.485729938259432,1,26.9379822174415,17.26910537830838
2025-12-02 07:15:00,R001,16.54960961405031,0,33.56957085597463,24.92412265387276
2025-12-02 07:15:00,R002,19.62503128541688,0,20.92150206158581,19.124432761029787
2025-12-02 07:15:00,R003,13.508518003645047,0,31.233191052027856,20.69905556045194
2025-12-02 07:15:00,R004,9.88791894102816,0,34.413263863697786,11.81005983745938
2025-12-02 07:15:00,R005,8.65307943703719,1,34.22100455787514,15.579403097778666
2025-12-02 07:15:00,R006,9.824717684429,0,24.829393225985314,48.24089993027288
2025-12-02 07:15:00,R007,17.324247458488344,1,20.242819514627193,14.961333936947518
2025-12-02 07:15:00,R008,8.991168559727953,0,22.944247450948158,0.28389388170314
2025-12-02 07:15:00,R009,8.915383963236842,0,24.96661961119856,27.53860907607472
2025-12-02 07:15:00,R010,15.346150901907622,0,14.635937620156689,20.390364612530814
2025-12-02 07:30:00,R001,16.607725228996493,0,30.948945330663165,45.57848373191587
2025-12-02 07:30:00,R002,9.081296904088077,1,24.023336639650722,43.52572745624618
2025-12-02 07:30:00,R003,19.154885842867493,1,29.110376545521206,5.8670840283653884
2025-12-02 07:30:00,R004,3.0553808961107887,0,26.06468855625852,47.01898030625139
2025-12-02 07:30:00,R005,14.127314050822658,1,30.724164933727266,4.874181066122291
2025-12-02 07:30:00,R006,7.6365333585983635,0,15.034332418258222,40.12026217665293
2025-12-02 07:30:00,R007,8.985011110139506,1,23.690117595904674,37.16437381382921
2025-12-02 07:30:00,R008,0.036189755013953384,1,32.4320536270819,12.071574042340933
2025-12-02 07:30:00,R009,12.556056047080357,0,17.545029209805527,4.469318250421795
2025-12-02 07:30:00,R010,6.664733348280332,0,11.552221538193116,14.433122748833854
2025-12-02 07:45:00,R001,10.355434864136017,1,14.363367540840084,18.80255770222255
2025-12-02 07:45:00,R002,0.9731994931821131,0,16.96576669628505,12.05624251543323
2025-12-02 07:45:00,R003,14.849304345401917,0,15.042443081383684,27.88240752677415
2025-12-02 07:45:00,R004,16.512782668894882,0,13.095069189453062,3.900437710497462
2025-12-02 07:45:00,R005,5.52751947933295,0,27.794657275852124,43.22411865234423
2025-12-02 07:45:00,R006,8.77418361918426,0,19.68646795411297,24.86411535580735
2025-12-02 07:45:00,R007,15.585190309669155,0,16.921311749857136,43.025186651256114
2025-12-02 07:45:00,R008,14.849909455122088,1,20.78468131742637,3.0832528647819544
2025-12-02 07:45:00,R009,12.9330312431839,0,15.475379680003462,35.871695024886705
2025-12-02 07:45:00,R010,15.723903504342863,1,17.38473778889114,33.04667373107841
2025-12-02 08:00:00,R001,3.810513950958585,0,28.64746441315274,46.287191978400806
2025-12-02 08:00:00,R002,14.31186266272191,0,16.88236303961552,20.188671486262393
2025-12-02 08:00:00,R003,1.3628967754987409,0,27.432539923057472,7.936685318972669
2025-12-02 08:00:00,R004,14.152361842863648,0,32.74572403666494,17.75639581998397
2025-12-02 08:00:00,R005,4.396980087313076,0,13.296192049711285,31.155332956560905
2025-12-02 08:00:00,R006,13.259775247688587,0,17.235615769414988,13.786229767691848
2025-12-02 08:00:00,R007,10.753124732949386,0,24.37334089538976,22.88635256555562
2025-12-02 08:00:00,R008,19.129706614339085,0,12.150609067946984,45.13459175791551
2025-12-02 08:00:00,R009,7.671918264611797,1,18.42711009682857,30.71026452405741
2025-12-02 08:00:00,R010,14.696721826144252,0,34.287912046680404,9.096958162434598
2025-12-02 08:15:00,R001,11.899298469654358,0,27.35493973856087,15.407142545132075
2025-12-02 08:15:00,R002,18.32902143286123,1,13.531361450122327,10.850467730714037
2025-12-02 08:15:00,R003,19.55018515730291,0,10.714655984430559,36.43979547841646
2025-12-02 08:15:00,R004,13.935027535947492,0,15.915237752488942,35.306443766313166
2025-12-02 08:15:00,R005,16.288578268170703,0,16.25395083281753,13.624421917115336
2025-12-02 08:15:00,R006,19.25359942234794,1,22.159167687389598,27.292885667503302
2025-12-02 08:15:00,R007,3.0146623273882023,0,22.029572715083237,14.626987817062748
2025-12-02 08:15:00,R008,18.223915861548157,0,18.559616451353335,42.03888691385065
2025-12-02 08:15:00,R009,14.162557601540007,0,25.930705298297134,22.550840145569424
2025-12-02 08:15:00,R010,17.128648559471664,0,29.967151422267275,24.74860604378877
2025-12-02 08:30:00,R001,3.673078920246984,1,25.35321962409257,6.315428094262221
2025-12-02 08:30:00,R002,6.611990384848205,0,10.678245359311532,20.020210458840992
2025-12-02 08:30:00,R003,18.110884074884925,0,32.34864710483157,20.000421942341468
2025-12-02 08:30:00,R004,15.670952825226985,0,31.50980537029271,33.51911399624948
2025-12-02 08:30:00,R005,18.2218438578998,0,29.31640441529887,19.11672019285899
2025-12-02 08:30:00,R006,9.276326806303366,1,18.7321374406215,18.29904858665178
2025-12-02 08:30:00,R007,11.483292615753777,0,28.059386755280922,46.37945353771329
2025-12-02 08:30:00,R008,13.55897094660717,1,31.95271158841807,26.47109513384807
2025-12-02 08:30:00,R009,1.7301718160679092,0,23.410570525986536,5.58204738530606
2025-12-02 08:30:00,R010,14.227881918008546,1,19.58143712889635,40.99141447263997
2025-12-02 08:45:00,R001,10.672442131860125,0,22.535701404355695,36.5993114562896
2025-12-02 08:45:00,R002,14.934816661821271,1,34.805940894453556,2.7014079890577856
2025-12-02 08:45:00,R003,10.248412932744538,0,32.90145431170227,33.20929883063917
2025-12-02 08:45:00,R004,14.882831499912603,1,16.520073638028087,0.9641243138910183
2025-12-02 08:45:00,R005,17.112021854243412,0,31.22398453240068,17.211657487919023
2025-12-02 08:45:00,R006,12.370829651051691,0,16.51944992448369,12.373304735132479
2025-12-02 08:45:00,R007,17.955494609431145,0,12.068068884681196,43.55823921442288
2025-12-02 08:45:00,R008,17.7558045981753,1,12.747725203889058,37.85169186692155
2025-12-02 08:45:00,R009,9.357468783679295,0,23.231012939837125,2.43968229565531
2025-12-02 08:45:00,R010,8.203550202826499,0,11.43978350354156,12.173093515138046
2025-12-02 09:00:00,R001,3.994744778240682,0,26.180276293248813,33.107662159862
2025-12-02 09:00:00,R002,4.880070917113244,0,31.890905499480837,42.32661068836768
2025-12-02 09:00:00,R003,8.582213470327133,1,18.738980039308366,7.725457470372782
2025-12-02 09:00:00,R004,18.18061952351218,1,30.385355240139575,0.5348144147948153
2025-12-02 09:00:00,R005,12.36047116504661,1,26.02813227354435,11.38554863636594
2025-12-02 09:00:00,R006,0.4944134576048387,0,32.925573516218535,31.7106392032061
2025-12-02 09:00:00,R007,4.23359423817558,0,13.610180819909123,17.87767321324788
2025-12-02 09:00:00,R008,15.885584001076635,0,17.86839587148671,22.182772240913557
2025-12-02 09:00:00,R009,18.094131290957144,1,16.213669907429285,47.09979241792151
2025-12-02 09:00:00,R010,18.74462652172818,0,26.483624523308503,43.73315530702491
2025-12-02 09:15:00,R001,19.57419686605937,1,17.100942841268164,20.03290433056435
2025-12-02 09:15:00,R002,2.3795307992960324,0,28.333998101961864,40.85295230075462
2025-12-02 09:15:00,R003,17.52525589443152,0,12.169601775859132,36.39005584615479
2025-12-02 09:15:00,R004,12.195203805694923,1,24.776521550215,32.22709735274664
2025-12-02 09:15:00,R005,4.544581087521598,1,22.077491691939464,24.047762406027008
2025-12-02 09:15:00,R006,19.369376089423163,0,25.771712641591016,7.212296565373616
2025-12-02 09:15:00,R007,15.27124377077649,0,25.97794100133519,38.6364594245912
2025-12-02 09:15:00,R008,18.612626760031702,0,18.886042516748063,38.474645317836966
2025-12-02 09:15:00,R009,11.10179168698805,0,14.177837282519022,12.097188691208228
2025-12-02 09:15:00,R010,11.690033568662395,0,24.38540139425722,31.976726668423932
2025-12-02 09:30:00,R001,12.664558189398605,0,20.248876587247523,0.18954519230640066
2025-12-02 09:30:00,R002,0.21180943857791235,0,23.984552089396182,45.30220749126555
2025-12-02 09:30:00,R003,19.51872847205402,1,16.520448688963533,16.32313149465197
2025-12-02 09:30:00,R004,6.059050978311056,0,14.759212114371655,5.915744943348312
2025-12-02 09:30:00,R005,17.09511678455993,0,17.875798444355546,5.09424816069744
2025-12-02 09:30:00,R006,7.5915100473048795,1,29.5978155107047,38.920474918811614
2025-12-02 09:30:00,R007,5.0415817173808675,0,32.02861756874148,28.189876122285433
2025-12-02 09:30:00,R008,9.603415606510413,0,29.837007611404957,30.375252624556765
2025-12-02 09:30:00,R009,17.844845238865954,0,30.511007584925203,23.930557288325076
2025-12-02 09:30:00,R010,16.360670737336356,0,27.123880811838255,27.902251813245226
2025-12-02 09:45:00,R001,1.0498590332817126,1,31.01523945081956,32.71204436266038
2025-12-02 09:45:00,R002,6.645104152552483,0,29.5413364499877,38.09076779549912
2025-12-02 09:45:00,R003,16.103489826593545,0,10.624857583836585,20.018803855701407
2025-12-02 09:45:00,R004,5.702256034048538,0,13.352084437423745,29.064673663355663
2025-12-02 09:45:00,R005,5.974590288272614,0,12.598516640349589,0.27053940459221826
2025-12-02 09:45:00,R006,11.843673377762428,1,20.666864011943208,29.644141766138816
2025-12-02 09:45:00,R007,8.14889758275616,0,16.196525599227204,43.04974674280517
2025-12-02 09:45:00,R008,6.455732891914567,0,10.348171811996135,47.81568165418585
2025-12-02 09:45:00,R009,5.032890813345285,0,18.93249216882434,3.8910161902413423
2025-12-02 09:45:00,R010,15.559741322074617,0,27.830729502487795,24.612998546244143
2025-12-02 10:00:00,R001,13.220140907081028,1,28.293236467426958,28.927257378083286
2025-12-02 10:00:00,R002,18.626153518611513,0,16.99722141051262,46.67901318554832
2025-12-02 10:00:00,R003,13.642453416714908,0,27.846219963144712,22.504225533203726
2025-12-02 10:00:00,R004,6.995066149835846,0,14.684746208454246,32.90214020388873
2025-12-02 10:00:00,R005,13.80862095185937,0,11.83530172369877,12.186504514160756
2025-12-02 10:00:00,R006,6.355122494581389,1,13.401364211565125,43.506481881564504
2025-12-02 10:00:00,R007,2.1784193908196925,0,25.541691590503657,13.648757398845001
2025-12-02 10:00:00,R008,15.79650909991287,0,17.04269537367216,3.8315503363725023
2025-12-02 10:00:00,R009,19.34860103368593,1,26.90072123992855,38.75748755796033
2025-12-02 10:00:00,R010,6.84582622348437,0,29.648382090874474,28.069238578484118
2025-12-02 10:15:00,R001,18.41896510492473,0,28.742155186237223,37.60148503214861
2025-12-02 10:15:00,R002,2.976797024507958,0,25.230406072273034,13.759403717929608
2025-12-02 10:15:00,R003,3.5361369501916196,0,30.857615114461247,13.500706682067642
2025-12-02 10:15:00,R004,9.828742038113711,1,19.32841506893184,32.19926713137403
2025-12-02 10:15:00,R005,13.256680207701452,1,13.712757611979963,23.424301626234428
2025-12-02 10:15:00,R006,17.709101630736683,0,13.161056549068753,9.22832117633341
2025-12-02 10:15:00,R007,8.879466001719848,0,20.845483126222746,24.44147985459798
2025-12-02 10:15:00,R008,17.304511183793107,0,15.37709420474024,31.572557470235918
2025-12-02 10:15:00,R009,2.638536940163585,0,34.464664219332775,37.122260824428125
2025-12-02 10:15:00,R010,16.98300017611746,0,29.101158957893624,45.704190247527286
2025-12-02 10:30:00,R001,0.12397220282924559,1,26.214129329203445,12.412842149963566
2025-12-02 10:30:00,R002,2.076989927987596,0,26.14158855489662,48.04728326622031
2025-12-02 10:30:00,R003,1.6884669836905664,0,13.053481011262217,39.74870537008967
2025-12-02 10:30:00,R004,18.163985509325432,1,14.737967315217523,37.79094292465673
2025-12-02 10:30:00,R005,13.058480206682239,1,29.45128854270993,12.264905652033164
2025-12-02 10:30:00,R006,18.058506428458365,1,22.544461638379758,36.76375170896381
2025-12-02 10:30:00,R007,16.131924184726888,0,17.471805539357575,41.120348932442845
2025-12-02 10:30:00,R008,3.1599195253065315,0,28.716977746594434,26.57149562946876
2025-12-02 10:30:00,R009,10.465783813219009,1,31.90481931090014,25.69118151657093
2025-12-02 10:30:00,R010,12.289324657020856,0,16.135364733690057,20.16710134208941
2025-12-02 10:45:00,R001,14.509837861418646,0,16.70232245587235,42.07334617672019
2025-12-02 10:45:00,R002,6.916516375162041,0,27.978010848450865,13.23022849345168
2025-12-02 10:45:00,R003,7.87535436506481,1,14.283897950049049,31.90509853866958
2025-12-02 10:45:00,R004,15.194546780870098,1,16.63736305584995,26.18568146204093
2025-12-02 10:45:00,R005,11.598871809110243,0,17.959006753694368,37.019190971758405
2025-12-02 10:45:00,R006,5.832218658574129,1,27.931054028783812,23.24486456091901
2025-12-02 10:45:00,R007,8.406644434645985,0,13.72326806885357,13.197670636819314
2025-12-02 10:45:00,R008,10.785104481147808,1,34.63516171931985,48.44595155025817
2025-12-02 10:45:00,R009,15.486904804710148,0,11.698405776327421,36.16162455179357
2025-12-02 10:45:00,R010,5.367118048617132,0,17.989595138411424,28.328879859826962
2025-12-02 11:00:00,R001,11.44495683255348,1,24.66247377339277,27.81784342990172
2025-12-02 11:00:00,R002,11.258245566711253,0,11.868039254157713,39.91448206100374
2025-12-02 11:00:00,R003,18.746997049679695,0,19.04152089460569,34.18440838438887
2025-12-02 11:00:00,R004,8.811007621098275,0,17.7956666229599,28.99340661987042
2025-12-02 11:00:00,R005,16.76838104693361,0,30.909465305139516,34.59773786565481
2025-12-02 11:00:00,R006,8.907655011606154,0,14.285576095923748,40.823424992179035
2025-12-02 11:00:00,R007,10.614667819782,0,23.749076491442022,33.08532638405304
2025-12-02 11:00:00,R008,4.250590831330112,0,22.335812243903767,20.25517314450518
2025-12-02 11:00:00,R009,10.89155808151258,1,13.030619343409871,33.76907617141134
2025-12-02 11:00:00,R010,7.104011332971436,0,19.067397790379324,7.662753999617783
2025-12-02 11:15:00,R001,11.140123678096378,0,22.712746164194794,49.21883521219208
2025-12-02 11:15:00,R002,15.96891299629621,0,29.367488608637967,2.4257083179095975
2025-12-02 11:15:00,R003,13.179600278180704,0,17.321939627738267,40.080257567917684
2025-12-02 11:15:00,R004,8.215863591536351,1,31.954793888611242,15.760998440893935
2025-12-02 11:15:00,R005,5.731791138615387,1,34.87840296042448,42.04896146279515
2025-12-02 11:15:00,R006,17.894686578886507,0,27.699808519949357,41.213975263800236
2025-12-02 11:15:00,R007,17.556851181350897,0,17.86423420311271,10.466060433121276
2025-12-02 11:15:00,R008,2.4694282152014946,0,26.849821205929384,7.256843306369659
2025-12-02 11:15:00,R009,7.502648154110505,1,13.90010480610762,32.77620151010439
2025-12-02 11:15:00,R010,1.490103104916336,0,29.769632637311005,44.21735444683597
2025-12-02 11:30:00,R001,10.839170901488021,0,32.59962799720789,42.77882593974402
2025-12-02 11:30:00,R002,14.149308983430904,0,33.959633416527694,13.96769709563334
2025-12-02 11:30:00,R003,4.621510524579325,0,27.83936614607347,12.54639298846268
2025-12-02 11:30:00,R004,1.0152918121403043,0,22.21243951131504,8.47403484262093
2025-12-02 11:30:00,R005,11.007830866515832,1,30.580098949452825,15.003893480511394
2025-12-02 11:30:00,R006,6.695999364807599,0,22.766939693805497,1.4408713943151519
2025-12-02 11:30:00,R007,0.7438925453201373,0,23.020897859865933,28.512350582471278
2025-12-02 11:30:00,R008,8.194768321132802,0,12.012633434175012,24.339179908622764
2025-12-02 11:30:00,R009,5.100865665567147,0,24.647909638395404,38.57350757041693
2025-12-02 11:30:00,R010,16.34638415560576,0,17.242639520238264,17.177912742974534
2025-12-02 11:45:00,R001,13.116385583756252,0,31.48993084338042,27.831609732270262
2025-12-02 11:45:00,R002,17.87315049435713,0,31.42818123046893,25.882418885413717
2025-12-02 11:45:00,R003,0.05120312800790838,1,19.04075082754791,46.32360718602339
2025-12-02 11:45:00,R004,4.96014476917402,0,16.60216047890122,45.683161435424
2025-12-02 11:45:00,R005,13.963519682749066,1,27.913912456115614,42.723539628405696
2025-12-02 11:45:00,R006,13.625279911487434,0,13.646176724107272,24.997954245388442
2025-12-02 11:45:00,R007,1.6288893576953423,0,11.677182391194929,7.063447734092454
2025-12-02 11:45:00,R008,8.508969575700862,0,34.53139848925615,27.383783314183912
2025-12-02 11:45:00,R009,2.4312529683531037,0,18.878655201935103,28.467327235757345
2025-12-02 11:45:00,R010,3.907440917787899,1,15.702366911153842,47.717451865573224
2025-12-02 12:00:00,R001,9.641972444069648,0,26.76042621001858,45.68689760536555
2025-12-02 12:00:00,R002,6.0009812084972,0,29.22067771916072,47.31648862013561
2025-12-02 12:00:00,R003,7.4032188687241725,1,34.28210815637816,33.52135281408364
2025-12-02 12:00:00,R004,19.19341064846678,0,15.641659867333601,15.504567943946485
2025-12-02 12:00:00,R005,7.814224117184438,0,13.170693096968225,43.5430630666345
2025-12-02 12:00:00,R006,19.365927926225304,1,19.936324013488793,10.838286997391993
2025-12-02 12:00:00,R007,3.0011471478130347,0,25.677494260523254,27.03752628374942
2025-12-02 12:00:00,R008,14.088047585617836,0,21.445137943441665,35.48011605495393
2025-12-02 12:00:00,R009,1.9144529912335106,0,29.637124089166946,22.917545075080408
2025-12-02 12:00:00,R010,12.708380574675967,1,16.073433885090477,37.64091319690995
2025-12-02 12:15:00,R001,13.052266022970397,0,28.16850112751501,30.683240883075985
2025-12-02 12:15:00,R002,14.038445489619999,0,23.687231324816576,27.5060359741805
2025-12-02 12:15:00,R003,18.19469999420553,0,17.139851121706645,20.78183891980247
2025-12-02 12:15:00,R004,11.907530136443539,1,30.786402365167785,22.000639409159295
2025-12-02 12:15:00,R005,5.469911375354006,1,27.87134449038049,11.044344947683433
2025-12-02 12:15:00,R006,19.592540753132553,1,14.014547425362732,11.662296347357637
2025-12-02 12:15:00,R007,3.264214642686627,0,10.218652127797009,38.46607558754049
2025-12-02 12:15:00,R008,14.35726731822725,0,32.81039395667835,7.998554176414957
2025-12-02 12:15:00,R009,14.981847109689191,1,30.90592219420658,49.92200575192542
2025-12-02 12:15:00,R010,7.95621697498174,0,28.695909690175817,24.90634799212563
2025-12-02 12:30:00,R001,16.32514212085781,0,26.976781418021,5.645936010207553
2025-12-02 12:30:00,R002,1.6377405738540696,0,17.04286472018493,43.39938452101709
2025-12-02 12:30:00,R003,5.032800121361167,1,24.630150784455168,38.70766492183392
2025-12-02 12:30:00,R004,11.83172909712278,1,18.632746002647664,25.837683471336177
2025-12-02 12:30:00,R005,18.92850894151578,1,27.93129793737833,15.08786654440913
2025-12-02 12:30:00,R006,3.0067612719588777,0,10.51064672451768,49.005343729189356
2025-12-02 12:30:00,R007,3.230593962711943,0,25.402317764259394,32.469155370982286
2025-12-02 12:30:00,R008,7.133097550221397,0,19.385984771685955,46.127181856488605
2025-12-02 12:30:00,R009,3.9119401047055735,0,33.082564031121166,33.93704297335712
2025-12-02 12:30:00,R010,9.88756551059431,1,14.87488482682617,17.49161178090847
2025-12-02 12:45:00,R001,18.225187602893957,1,30.627537036764217,8.095989370161671
2025-12-02 12:45:00,R002,6.750623180589508,0,25.053603755451185,14.70741290082943
2025-12-02 12:45:00,R003,9.892965094380614,0,30.826670172498048,5.827663977304881
2025-12-02 12:45:00,R004,14.343879445288671,0,33.67774178208556,34.208943078881305
2025-12-02 12:45:00,R005,12.283712357969197,1,17.62684581951017,26.935100424478204
2025-12-02 12:45:00,R006,18.997353083349445,0,30.426697658771893,33.37291846663113
2025-12-02 12:45:00,R007,18.548311296333623,0,14.711478917470593,8.085411769579059
2025-12-02 12:45:00,R008,0.34085477676758513,0,26.328546522782577,18.721637466489742
2025-12-02 12:45:00,R009,10.603006242091926,0,26.30693368769158,19.46014690971062
2025-12-02 12:45:00,R010,11.663368915590674,1,27.951333097307536,40.05156636457761
2025-12-02 13:00:00,R001,19.632889095793317,1,13.177076928824457,17.828579098913615
2025-12-02 13:00:00,R002,7.193223845141961,1,22.371471149665847,20.382887501738118
2025-12-02 13:00:00,R003,15.796362289511547,1,16.75607896779761,29.123132282825598
2025-12-02 13:00:00,R004,7.934137953572147,0,21.38153778244934,37.65247076430987
2025-12-02 13:00:00,R005,4.500224414799796,0,27.816200138890302,12.408870992967213
2025-12-02 13:00:00,R006,16.09313908632889,0,22.432792902543735,42.55286309061143
2025-12-02 13:00:00,R007,15.089148201640743,0,34.938555216613196,25.515825226058947
2025-12-02 13:00:00,R008,15.744170189237213,0,26.99919178145199,7.515655917665898
2025-12-02 13:00:00,R009,0.049402196161763,1,34.44258951626924,15.424001011463368
2025-12-02 13:00:00,R010,2.922979826047023,0,17.75942676989771,43.36881645349956
2025-12-02 13:15:00,R001,16.397207034015903,0,23.47061805401961,7.155542403867638
2025-12-02 13:15:00,R002,0.2312228826135887,0,24.57140231876899,47.04511561042205
2025-12-02 13:15:00,R003,12.249665846295937,0,28.47546486862544,16.24350336498569
2025-12-02 13:15:00,R004,0.5367748151922003,0,30.62226026357507,27.420870984840484
2025-12-02 13:15:00,R005,18.579666890613723,0,29.222334421085282,32.64800908550075
2025-12-02 13:15:00,R006,19.477385837202064,0,10.756032748746208,49.2016753883773
2025-12-02 13:15:00,R007,19.862932462434827,0,22.11405442817013,34.90805307601143
2025-12-02 13:15:00,R008,18.982363746750185,0,12.83002288808266,32.75594350390458
2025-12-02 13:15:00,R009,3.459903205182253,1,18.726509701041966,39.413583789964676
2025-12-02 13:15:00,R010,16.206128260409557,1,25.55295036287153,48.92342036107376
2025-12-02 13:30:00,R001,8.255693786755396,0,31.143864196644486,39.38483965275697
2025-12-02 13:30:00,R002,12.39022105339343,0,27.68892930113908,48.453608029960606
2025-12-02 13:30:00,R003,5.52517809692268,0,29.866579968061284,13.417006848710155
2025-12-02 13:30:00,R004,7.111945975128791,0,16.25792534869541,2.1710565910464217
2025-12-02 13:30:00,R005,1.9718246495336977,0,23.08571220335399,12.687081033949093
2025-12-02 13:30:00,R006,4.9213358967279035,0,17.678301966172498,17.567024532620977
2025-12-02 13:30:00,R007,1.3299175877333003,1,18.02462499519019,44.50137121053605
2025-12-02 13:30:00,R008,10.430982358091278,0,21.29381063203089,22.2384631140265
2025-12-02 13:30:00,R009,19.52753582837711,1,15.66607266634546,3.9539757393797172
2025-12-02 13:30:00,R010,18.08490065562846,0,26.432443565649958,18.224762524708982
2025-12-02 13:45:00,R001,1.7666271325264238,0,23.903095168751445,5.801481400903103
2025-12-02 13:45:00,R002,9.885170176672437,0,17.15497257393433,37.49627324296242
2025-12-02 13:45:00,R003,3.512521607713146,0,13.998473336902062,2.033157928208623
2025-12-02 13:45:00,R004,6.110373478642208,0,23.224556563092577,32.92987735185307
2025-12-02 13:45:00,R005,3.8114446580971606,1,32.5368391522021,31.996173853162812
2025-12-02 13:45:00,R006,13.677214194303016,1,18.273934546222087,31.334876628355367
2025-12-02 13:45:00,R007,16.7231378759676,0,23.945861088793293,12.772242184731036
2025-12-02 13:45:00,R008,19.476258096433583,1,10.732514455522931,33.58867756031408
2025-12-02 13:45:00,R009,18.185225315885653,0,32.76833017681057,33.49217274904021
2025-12-02 13:45:00,R010,3.6679722505669488,0,31.133408190686236,4.257627927335051
2025-12-02 14:00:00,R001,10.83440321921692,0,29.26926230894597,11.29989894821587
2025-12-02 14:00:00,R002,3.2295652785437623,0,15.90230081702453,49.561467026550325
2025-12-02 14:00:00,R003,1.7428836158412864,1,31.26470406434435,28.099786654230346
2025-12-02 14:00:00,R004,18.34122489290464,0,20.928442847919285,18.285480269460585
2025-12-02 14:00:00,R005,3.039158858122033,1,18.766807770921684,11.584196160674509
2025-12-02 14:00:00,R006,15.920437751161284,0,15.293735923207763,35.7249561534412
2025-12-02 14:00:00,R007,18.0355252797005,0,24.501378456005906,18.8987293080667
2025-12-02 14:00:00,R008,1.1196161360905577,0,26.289715578724554,10.124336268606548
2025-12-02 14:00:00,R009,4.243449795888754,1,33.766327299021064,25.49993784357222
2025-12-02 14:00:00,R010,3.975642807361923,0,24.00310397680473,36.08060550562697
2025-12-02 14:15:00,R001,12.751196454228875,1,27.9611905332469,3.6792419577906355
2025-12-02 14:15:00,R002,15.453080225470998,0,13.313678067749573,45.23416451058546
2025-12-02 14:15:00,R003,11.41066444228272,1,10.83036783009584,17.882486087977718
2025-12-02 14:15:00,R004,14.527680223646174,1,19.47375297290983,20.985875834875127
2025-12-02 14:15:00,R005,16.73757315436243,0,13.489837032822201,23.543926006423977
2025-12-02 14:15:00,R006,7.660249037179825,0,10.414183382365596,21.410666307979447
2025-12-02 14:15:00,R007,18.36989572423254,0,30.03442007519541,12.071636308152522
2025-12-02 14:15:00,R008,16.46259735119949,1,13.74811515050112,26.352398499615106
2025-12-02 14:15:00,R009,6.1917218242654855,1,12.424284794896264,11.60762962718304
2025-12-02 14:15:00,R010,18.66558265770246,0,20.366395666821862,18.681236805485725
2025-12-02 14:30:00,R001,8.245850711335091,0,33.427865797656125,33.646564921706165
2025-12-02 14:30:00,R002,2.47190673408596,0,17.441501866180957,32.407903415985466
2025-12-02 14:30:00,R003,4.658706920852012,0,24.41802025765449,10.733932001915031
2025-12-02 14:30:00,R004,1.6186338269273537,0,23.655549352495733,37.140448089061344
2025-12-02 14:30:00,R005,5.301317511939596,0,33.51007278793097,0.4999907287891958
2025-12-02 14:30:00,R006,6.462778055195441,1,12.369136725194323,3.6067026250190146
2025-12-02 14:30:00,R007,12.499054165304756,0,26.146718164984968,42.14122444530018
2025-12-02 14:30:00,R008,5.828730708991547,0,20.95109723034098,35.950213579870024
2025-12-02 14:30:00,R009,14.162102405431336,0,10.321632948215203,33.94335562625212
2025-12-02 14:30:00,R010,16.36231208995348,0,25.675303018898077,20.735121439637073
2025-12-02 14:45:00,R001,7.926480686477177,1,31.66679574254799,43.85496286482537
2025-12-02 14:45:00,R002,8.406626370083503,1,33.692150922606544,42.11473229845212
2025-12-02 14:45:00,R003,5.950418102872992,1,28.783216713508562,21.94824486052076
2025-12-02 14:45:00,R004,9.117714440818617,0,27.714845343361286,17.103028158944316
2025-12-02 14:45:00,R005,5.104748602104587,0,19.28376769848674,13.86362083577568
2025-12-02 14:45:00,R006,5.492469180381807,0,10.47522055011065,24.697026788077185
2025-12-02 14:45:00,R007,6.2458214498169635,0,22.713203522455203,18.148837111407772
2025-12-02 14:45:00,R008,0.5356799998662609,0,15.016491815871918,34.48972276489506
2025-12-02 14:45:00,R009,5.653125493021229,1,17.897853364536246,43.379701820518434
2025-12-02 14:45:00,R010,19.920920975720595,0,15.29477650342568,15.691590206842754
2025-12-02 15:00:00,R001,5.984694250564681,0,10.783010225705421,15.64287963446594
2025-12-02 15:00:00,R002,12.144759636054118,1,11.516201650850105,47.74134759409492
2025-12-02 15:00:00,R003,13.837537650813703,0,15.823622884482182,21.370951783846
2025-12-02 15:00:00,R004,2.426289021238337,0,10.037870182600471,39.95604179011567
2025-12-02 15:00:00,R005,10.90549694245449,1,28.85995703777812,16.825470267817344
2025-12-02 15:00:00,R006,3.419556828049146,0,17.76364211967042,39.772911446807626
2025-12-02 15:00:00,R007,2.595391423450222,0,15.744371498910905,44.37800881119122
2025-12-02 15:00:00,R008,15.099496345924981,0,30.853412816088635,15.051495279175747
2025-12-02 15:00:00,R009,19.42252307077763,1,20.000076200291005,42.63637088733493
2025-12-02 15:00:00,R010,11.216607804424669,0,21.346596949783056,41.00164957806759
2025-12-02 15:15:00,R001,4.150574451159475,1,21.222528473929124,29.53164177311298
2025-12-02 15:15:00,R002,14.008428451723798,1,15.852811522617563,6.5613544940427095
2025-12-02 15:15:00,R003,6.944174712114908,1,34.57293014585062,49.53161167914503
2025-12-02 15:15:00,R004,15.462530466331897,1,19.566187932347,36.5174517403493
2025-12-02 15:15:00,R005,6.127907165952777,0,34.956063998552764,24.324421430919884
2025-12-02 15:15:00,R006,18.25973796996975,1,22.225183959879757,24.139863372725866
2025-12-02 15:15:00,R007,1.3266921352746008,1,11.058331658615364,13.99403959837739
2025-12-02 15:15:00,R008,9.723686405693055,0,21.986433763538876,19.622674753501556
2025-12-02 15:15:00,R009,8.786252054102023,0,23.723482768806782,11.201434987449998
2025-12-02 15:15:00,R010,19.753737497975088,0,34.99198555432295,36.26196371931788
2025-12-02 15:30:00,R001,9.338202975897259,0,31.310027324481386,31.069983065913508
2025-12-02 15:30:00,R002,0.3716732097889075,0,19.50884567270238,35.05106151629973
2025-12-02 15:30:00,R003,14.524234231593807,0,11.352552584578607,46.37524758720103
2025-12-02 15:30:00,R004,12.378099950964671,0,14.78269917059712,37.05522226754605
2025-12-02 15:30:00,R005,6.561417628506582,0,10.905882987026088,7.629669955692631
2025-12-02 15:30:00,R006,14.72872474362026,1,19.905424640100904,35.565290039599276
2025-12-02 15:30:00,R007,3.74555329082924,1,19.54862959170939,35.061242611450474
2025-12-02 15:30:00,R008,15.98607088603721,0,29.902104227644454,6.306217585972823
2025-12-02 15:30:00,R009,0.9765663286845006,0,29.398143618567573,31.086681333735953
2025-12-02 15:30:00,R010,14.674650795342654,0,32.48895853152709,9.336306835989477
2025-12-02 15:45:00,R001,16.13775117317585,0,18.72237768472318,32.01570625052437
2025-12-02 15:45:00,R002,18.0707262951756,1,32.23054094022504,29.64253754613757
2025-12-02 15:45:00,R003,13.961607391522987,0,27.928524460255144,20.597674459639904
2025-12-02 15:45:00,R004,7.49066123417625,1,31.413959855960503,29.384249494873572
2025-12-02 15:45:00,R005,9.58402181348787,0,24.67557569019005,35.16644189928239
2025-12-02 15:45:00,R006,11.419777140482008,0,31.483218389457832,1.9179853604297525
2025-12-02 15:45:00,R007,14.367144888241917,0,13.630913298973157,45.34541876848557
2025-12-02 15:45:00,R008,4.3601314780814775,1,14.04754808886133,12.959936494834656
2025-12-02 15:45:00,R009,19.40026314033164,0,20.439411897187046,40.44964909962363
2025-12-02 15:45:00,R010,5.413408612103019,0,17.58066104207087,23.271233583858102
2025-12-02 16:00:00,R001,13.07977000358222,1,11.963607287580718,5.804269421248042
2025-12-02 16:00:00,R002,7.453636457827653,0,18.39698875854768,44.22284579749608
2025-12-02 16:00:00,R003,10.189146849554593,1,25.066502519108205,47.02099441320973
2025-12-02 16:00:00,R004,1.1326793776084587,0,18.3966178404458,26.159060591902232
2025-12-02 16:00:00,R005,16.597626194685624,0,13.207530283155933,27.93740098857407
2025-12-02 16:00:00,R006,8.422894064063138,1,11.309826740508054,39.30508994961266
2025-12-02 16:00:00,R007,13.223270846709541,0,26.996482216922633,9.196609841307618
2025-12-02 16:00:00,R008,5.717504422423774,0,28.014994560347102,11.385989890097658
2025-12-02 16:00:00,R009,15.82253320627445,0,34.059982217135044,27.696243255385887
2025-12-02 16:00:00,R010,15.075238715910693,0,21.02007075677384,35.64280325137624
2025-12-02 16:15:00,R001,13.004403245309785,1,16.59507507170762,17.838553239464865
2025-12-02 16:15:00,R002,15.86215405441678,1,25.907539073552282,10.121902204211835
2025-12-02 16:15:00,R003,11.218426094976426,0,24.626128698191845,19.79227195302621
2025-12-02 16:15:00,R004,9.533125838324569,0,24.800396995762796,32.45057334502729
2025-12-02 16:15:00,R005,8.522344020362297,0,31.456990225860746,45.236391829860736
2025-12-02 16:15:00,R006,3.037767113543852,0,18.300623129263137,47.618151147436315
2025-12-02 16:15:00,R007,16.93202440485046,0,19.968041099255593,2.3844526924313714
2025-12-02 16:15:00,R008,6.336897342038377,1,11.502698952218637,34.24884480659639
2025-12-02 16:15:00,R009,4.807004420275893,0,31.564361106525425,24.17651238973717
2025-12-02 16:15:00,R010,14.916924484984603,1,12.370258462636937,45.39963891188558
2025-12-02 16:30:00,R001,19.22132009921266,0,19.87700913423531,37.59656816393402
2025-12-02 16:30:00,R002,6.812240184975138,0,12.136215174460919,20.248594614313685
2025-12-02 16:30:00,R003,11.090673566783272,0,12.681137109836303,48.93670770821982
2025-12-02 16:30:00,R004,11.689113081396322,0,29.157431216596354,30.54556231094672
2025-12-02 16:30:00,R005,3.5067363651821992,0,26.026036806288737,27.7933288926461
2025-12-02 16:30:00,R006,8.644275140670095,1,22.354133399389738,26.638442577917438
2025-12-02 16:30:00,R007,12.814278129181593,0,14.82843190147138,0.2741248624169801
2025-12-02 16:30:00,R008,11.273861255333973,0,18.459292464636203,20.661672613239578
2025-12-02 16:30:00,R009,5.786910634814655,0,26.787230886959783,43.528825874929815
2025-12-02 16:30:00,R010,0.7946222387362578,1,15.98209142983049,30.828319874793554
2025-12-02 16:45:00,R001,6.846155088900623,1,20.002938978758444,23.62125590576779
2025-12-02 16:45:00,R002,2.352881122210684,1,28.256696405559136,12.329212468609828
2025-12-02 16:45:00,R003,19.051630051072472,1,34.01916914181776,44.423133024556286
2025-12-02 16:45:00,R004,8.318010550351422,0,34.03965009173519,44.507117584429224
2025-12-02 16:45:00,R005,19.275142717544497,0,30.89996381921045,40.861949615478565
2025-12-02 16:45:00,R006,0.6799497419413103,0,25.512408766414953,39.21745012463962
2025-12-02 16:45:00,R007,7.860475707674855,0,24.644070866059838,43.979605287754836
2025-12-02 16:45:00,R008,13.428905115490418,0,12.123147980084397,32.6263113289089
2025-12-02 16:45:00,R009,4.9398042497469286,0,28.535855396600915,25.953647790615165
2025-12-02 16:45:00,R010,19.7331544257379,0,23.159693186984253,36.64899558814053
2025-12-02 17:00:00,R001,6.7803330255919425,0,27.601470965616684,19.471767759182907
2025-12-02 17:00:00,R002,16.558020827354277,0,23.144210550247767,5.128963305164041
2025-12-02 17:00:00,R003,15.248882516155962,0,17.946435972689105,11.034370385069609
2025-12-02 17:00:00,R004,14.157590884928144,0,25.578693441710723,9.097210957879549
2025-12-02 17:00:00,R005,18.13118440154816,0,34.27602500590311,41.89863480722772
2025-12-02 17:00:00,R006,15.397380474759895,1,14.533330114057282,29.445217019813374
2025-12-02 17:00:00,R007,0.8225366875682827,0,33.951161711529025,34.45652620280606
2025-12-02 17:00:00,R008,7.535587576490315,0,34.45490388119369,44.291540667065895
2025-12-02 17:00:00,R009,7.088946936174865,0,33.95264330390425,27.002158471175104
2025-12-02 17:00:00,R010,14.864738151637532,1,17.797932175469423,49.13880047521395
2025-12-02 17:15:00,R001,16.71265311336564,1,18.615268735194576,25.569981573426954
2025-12-02 17:15:00,R002,7.323134413746684,0,26.35148210997875,48.16849389543332
2025-12-02 17:15:00,R003,18.87953138262176,0,32.10147476617577,9.662026766055387
2025-12-02 17:15:00,R004,13.652257726556558,0,20.165094130620815,3.1937092315847515
2025-12-02 17:15:00,R005,3.984802850183118,0,31.042891659199515,24.061702216409742
2025-12-02 17:15:00,R006,8.8190013450036,0,22.5348107278077,47.52965918742613
2025-12-02 17:15:00,R007,6.484045300528029,0,19.854612750620323,13.13682130512112
2025-12-02 17:15:00,R008,1.5115513864071595,0,14.443647218203969,48.908839126946965
2025-12-02 17:15:00,R009,12.56270973671624,0,31.927069663831585,22.249161101624402
2025-12-02 17:15:00,R010,16.209231134046313,0,14.732612519138504,8.343177060489676
2025-12-02 17:30:00,R001,18.36239541068845,0,32.666718806681885,18.518543872285058
2025-12-02 17:30:00,R002,8.659288080063423,0,30.591367699332693,23.720829172063368
2025-12-02 17:30:00,R003,17.68260901462967,0,24.447312558422567,3.5636162915937075
2025-12-02 17:30:00,R004,18.571841471906765,1,21.13109448183293,23.59863045301974
2025-12-02 17:30:00,R005,8.542256832541199,0,23.121548732515546,29.109668761005114
2025-12-02 17:30:00,R006,14.182492460961196,1,10.9944975280253,0.21938972745659813
2025-12-02 17:30:00,R007,18.27605822333801,0,20.283565660949954,24.329426858423226
2025-12-02 17:30:00,R008,0.7507787601329952,0,30.836689024224835,45.625814250633866
2025-12-02 17:30:00,R009,12.04232390709787,1,18.189032477937538,20.86273019467536
2025-12-02 17:30:00,R010,11.848868171002207,1,16.63290070800302,29.54679681922644
2025-12-02 17:45:00,R001,17.283039730878397,0,15.50610020621245,28.947423567661595
2025-12-02 17:45:00,R002,3.9680090891846453,0,16.705422550651118,29.857284640847887
2025-12-02 17:45:00,R003,0.51800814083234,0,32.968349423039044,16.74543160074023
2025-12-02 17:45:00,R004,8.084167182992445,0,10.957974948940187,5.193113135149424
2025-12-02 17:45:00,R005,14.304263821644188,1,18.137284045366098,46.05857069228113
2025-12-02 17:45:00,R006,1.7335990873319052,0,30.233044456353362,6.565953329699808
2025-12-02 17:45:00,R007,9.553448947614921,0,14.522337750588163,49.10583777936268
2025-12-02 17:45:00,R008,8.658311804915213,0,16.24855612390243,39.74848337440801
2025-12-02 17:45:00,R009,12.792758676571536,0,33.96388640111764,17.7743492796681
2025-12-02 17:45:00,R010,18.01575877198989,1,10.06921270153197,23.498868662114152
2025-12-02 18:00:00,R001,15.500845754282775,0,11.341421273022592,25.02017168367827
2025-12-02 18:00:00,R002,10.668309707929385,0,31.528851401706152,9.526367961010918
2025-12-02 18:00:00,R003,3.9026738093766644,0,20.565199471174374,6.102825547838814
2025-12-02 18:00:00,R004,5.608686160225565,1,16.52573081816709,26.477471066915413
2025-12-02 18:00:00,R005,7.599112446394831,0,34.82923460093133,32.052782824639166
2025-12-02 18:00:00,R006,14.233345036679477,1,26.84922822663847,0.931260788368965
2025-12-02 18:00:00,R007,4.743603401758019,1,16.52293345525885,21.977243105305018
2025-12-02 18:00:00,R008,6.2278039507135485,1,25.977083738096326,17.254359974491102
2025-12-02 18:00:00,R009,19.43834959164192,0,20.549755204307772,1.728110762538454
2025-12-02 18:00:00,R010,15.185241908961844,0,10.185532335603147,34.20042949608443
2025-12-02 18:15:00,R001,14.52814231529608,1,25.742336415774883,21.93602564790613
2025-12-02 18:15:00,R002,9.695507999866908,0,13.874075148421042,8.576434615207152
2025-12-02 18:15:00,R003,15.620992310651822,0,17.47711377640959,0.5543042852909796
2025-12-02 18:15:00,R004,14.810947438593896,0,17.539242575835843,31.556345880720905
2025-12-02 18:15:00,R005,12.853532254743014,0,10.819327456611472,1.508566142156692
2025-12-02 18:15:00,R006,16.122168072403344,0,12.830859989648507,38.35324554863037
2025-12-02 18:15:00,R007,3.7529949190420697,0,33.40890829747146,41.507403768195026
2025-12-02 18:15:00,R008,9.23977681811283,1,24.629213017821908,43.353254296290125
2025-12-02 18:15:00,R009,14.763365896840348,0,21.28154480243985,47.198399840379054
2025-12-02 18:15:00,R010,5.967335797840583,0,21.992954754543373,30.72439888483047
2025-12-02 18:30:00,R001,10.789661919222965,0,29.422924631233197,28.572697931190245
2025-12-02 18:30:00,R002,15.142651738857714,0,34.39876912936667,44.49752987084689
2025-12-02 18:30:00,R003,12.638377990055156,0,30.247643642259668,9.517633486634997
2025-12-02 18:30:00,R004,6.7181073719351865,1,24.228500087350465,36.25028484480432
2025-12-02 18:30:00,R005,19.296429279994346,0,22.902381564414192,6.045169563641078
2025-12-02 18:30:00,R006,10.907389524310958,0,27.4497189405354,32.377627957138735
2025-12-02 18:30:00,R007,18.21376955207277,0,25.140294258328243,46.485683647769896
2025-12-02 18:30:00,R008,2.923403727728058,0,31.75185892573952,17.846396904558564
2025-12-02 18:30:00,R009,12.55070859926022,0,11.604119964576721,2.3238526269225677
2025-12-02 18:30:00,R010,4.5822659314660115,1,17.195631901077988,44.679236017748686
2025-12-02 18:45:00,R001,4.3726838167250515,0,23.770837057517042,47.37502733420275
2025-12-02 18:45:00,R002,4.442492720751736,1,21.192708014183786,47.486667186930525
2025-12-02 18:45:00,R003,14.37437180615551,0,20.15468579247303,0.5065806632274683
2025-12-02 18:45:00,R004,14.546740048263796,0,20.42868153370103,44.54741969199174
2025-12-02 18:45:00,R005,18.72853576567405,0,21.507833406811105,16.501223199010965
2025-12-02 18:45:00,R006,1.3859222049154485,0,29.68740947768213,0.8397210040928027
2025-12-02 18:45:00,R007,16.597930054497564,0,13.914867711289208,2.478024903113357
2025-12-02 18:45:00,R008,3.6443117081340715,1,27.09296812860417,41.07941410249754
2025-12-02 18:45:00,R009,9.514859888616103,1,30.417384320564448,34.441034793820855
2025-12-02 18:45:00,R010,11.944452265765237,1,12.135069508497795,16.874564842196882
2025-12-02 19:00:00,R001,2.1684611937046694,0,32.10750677094625,10.148446273715573
2025-12-02 19:00:00,R002,18.293352436370714,0,23.446402091275004,22.25698042395975
2025-12-02 19:00:00,R003,4.458534393391709,1,16.126123996149666,27.49875333212433
2025-12-02 19:00:00,R004,6.215153368443833,0,16.763091303928732,12.13959943558946
2025-12-02 19:00:00,R005,3.249049759199225,0,12.999720488926059,47.89689223902016
2025-12-02 19:00:00,R006,10.685939833500235,0,16.100693169354503,17.871701201559393
2025-12-02 19:00:00,R007,2.1016343707197316,0,11.044222540896941,33.38317169613133
2025-12-02 19:00:00,R008,19.35032568814432,0,25.62641159830136,28.068020499345902
2025-12-02 19:00:00,R009,2.576668174845771,1,21.632608792804007,25.667937997312972
2025-12-02 19:00:00,R010,12.629104088102686,0,20.88544553747041,5.3819778359753325
2025-12-02 19:15:00,R001,9.323949103372012,0,32.45767111186265,3.2811363842189967
2025-12-02 19:15:00,R002,2.189409264111255,0,28.27920513452601,45.68635883873816
2025-12-02 19:15:00,R003,10.98416808093283,1,14.82832624503287,37.221661110561165
2025-12-02 19:15:00,R004,3.981032129972779,1,15.525878092901188,15.040159288460181
2025-12-02 19:15:00,R005,14.398324000582889,0,31.503194294822404,22.520983226839437
2025-12-02 19:15:00,R006,4.436061280741206,0,29.353620144477958,29.59637954946514
2025-12-02 19:15:00,R007,12.83846581969989,0,31.724360972068958,38.4834489429166
2025-12-02 19:15:00,R008,15.859044686517706,0,34.349967355794135,26.827594536755957
2025-12-02 19:15:00,R009,10.266344645965402,0,23.80643187693846,13.223410529064171
2025-12-02 19:15:00,R010,0.024055962623257265,0,31.49971479600296,30.929503343564075
2025-12-02 19:30:00,R001,13.767107948544483,1,14.205699130031942,41.20025364074446
2025-12-02 19:30:00,R002,9.465008634903992,1,12.350811395755876,1.2162373324364872
2025-12-02 19:30:00,R003,17.648679419680654,0,15.4812859402799,23.202195261064823
2025-12-02 19:30:00,R004,5.792442275671171,0,20.43868359175965,17.453390985099617
2025-12-02 19:30:00,R005,11.636465465603028,0,16.890315135105237,12.46707717653876
2025-12-02 19:30:00,R006,1.4417251823695443,0,27.19460562671288,29.5555684686099
2025-12-02 19:30:00,R007,12.882652767729642,0,19.03631367064524,48.35685375246068
2025-12-02 19:30:00,R008,7.023614231445688,0,28.197471153661667,0.07113341474190849
2025-12-02 19:30:00,R009,7.197007855187392,0,19.003415937773354,47.25424394768588
2025-12-02 19:30:00,R010,2.66731185100181,0,16.420684735516065,27.867842944971226
2025-12-02 19:45:00,R001,15.05654681941561,0,32.04670737519362,36.935007961090356
2025-12-02 19:45:00,R002,9.30357823940177,1,12.71356875281099,28.104819872160398
2025-12-02 19:45:00,R003,14.162344597889643,1,28.528858903109555,16.111817530250246
2025-12-02 19:45:00,R004,17.264544687321916,1,13.73659541623572,8.89881404384173
2025-12-02 19:45:00,R005,17.612480185699365,0,23.951775199079208,18.500714444684686
2025-12-02 19:45:00,R006,15.109263465897394,0,30.467439388634098,7.1334751483464025
2025-12-02 19:45:00,R007,17.3814954427426,0,27.61424438709962,5.0256144351078555
2025-12-02 19:45:00,R008,14.14270441599869,0,24.789943609757202,48.33109996003007
2025-12-02 19:45:00,R009,1.454196801416494,1,14.26814989665765,12.449175611552727
2025-12-02 19:45:00,R010,8.82174478106883,0,31.192189694002415,38.10503886359214
2025-12-02 20:00:00,R001,8.529120652418706,0,32.46645826197438,4.972582915377139
2025-12-02 20:00:00,R002,3.221983123494283,1,10.687282844140874,16.45501602168945
2025-12-02 20:00:00,R003,17.592329320499914,0,17.26906035361593,25.876208382280137
2025-12-02 20:00:00,R004,13.43391656796128,0,12.02025783039949,25.743119991194174
2025-12-02 20:00:00,R005,12.67205992326366,0,26.191503196242614,41.23936250032284
2025-12-02 20:00:00,R006,4.186879611917886,0,25.060710644547672,47.932237774288645
2025-12-02 20:00:00,R007,17.747827974260332,0,25.761349652388425,18.168163338105337
2025-12-02 20:00:00,R008,17.418326771028095,0,29.85162663413461,13.94065018635966
2025-12-02 20:00:00,R009,7.443101562856063,0,11.51705642886138,19.516201201186313
2025-12-02 20:00:00,R010,15.62641307571598,0,22.06735335993279,16.05408128591956
2025-12-02 20:15:00,R001,16.50512919977247,0,20.274934239928207,5.445117375078401
2025-12-02 20:15:00,R002,3.4582752348122603,0,13.894954570437395,31.86013875988519
2025-12-02 20:15:00,R003,2.738943618485392,0,23.3888478551864,24.712372265870652
2025-12-02 20:15:00,R004,15.329257357050194,0,17.360173428234994,32.89998380202816
2025-12-02 20:15:00,R005,9.413945640298722,0,29.520177996002346,2.699073292517562
2025-12-02 20:15:00,R006,8.27155011118716,1,15.019142998186894,36.344547207724986
2025-12-02 20:15:00,R007,6.925175139564943,1,33.266134476228046,5.236706753064885
2025-12-02 20:15:00,R008,0.22040048127088596,1,27.016189775971295,36.87458454910684
2025-12-02 20:15:00,R009,6.539899658938639,0,29.928278451630916,49.558996476556274
2025-12-02 20:15:00,R010,13.105917307842727,0,28.299910177410563,24.188158388644442
2025-12-02 20:30:00,R001,17.92881652904882,1,27.127199151785963,29.485077847948272
2025-12-02 20:30:00,R002,6.62760798176516,0,11.518058116193297,18.084050644249217
2025-12-02 20:30:00,R003,17.730371955025483,0,23.275418138455155,14.878008974906438
2025-12-02 20:30:00,R004,5.922416393411794,1,14.596803176556598,24.923303286664982
2025-12-02 20:30:00,R005,16.341583075718702,0,25.183968286954432,46.92033926228621
2025-12-02 20:30:00,R006,18.105992885427245,1,14.072040586382002,39.39957305145945
2025-12-02 20:30:00,R007,17.034235197016883,0,11.11004383820509,49.46699236645225
2025-12-02 20:30:00,R008,17.779645520745923,1,18.038804969539875,2.040897527433927
2025-12-02 20:30:00,R009,9.315348556348614,0,24.17419005144101,48.70849009686936
2025-12-02 20:30:00,R010,12.886331691423862,1,29.334692921426463,16.141034017944584
2025-12-02 20:45:00,R001,3.4194921920168797,0,32.394940697847815,30.034940278825744
2025-12-02 20:45:00,R002,0.6103822587394392,1,20.920019326561107,29.0822142486866
2025-12-02 20:45:00,R003,18.831369385964656,0,34.190667905246485,22.14456023455763
2025-12-02 20:45:00,R004,4.820775428042417,1,21.46136426805236,28.457842146490144
2025-12-02 20:45:00,R005,14.066791317238373,0,25.496841270697956,41.03805434057654
2025-12-02 20:45:00,R006,15.136383303395831,0,19.33801707940006,6.969932893525349
2025-12-02 20:45:00,R007,7.8886096388517,0,20.258701038574127,24.98485892087936
2025-12-02 20:45:00,R008,19.903290034737633,0,24.68011527734356,16.036684953705244
2025-12-02 20:45:00,R009,4.364706623919588,1,21.60994338527922,47.72593350375094
2025-12-02 20:45:00,R010,1.369520820359813,0,33.77876013321822,40.99415179393871
2025-12-02 21:00:00,R001,9.019846019392336,1,29.684375201903855,43.73155052879022
2025-12-02 21:00:00,R002,15.302859298752194,1,33.43482598173672,3.0564446061214667
2025-12-02 21:00:00,R003,5.978387151072959,0,29.201727606935137,33.66951836610406
2025-12-02 21:00:00,R004,17.102907908872446,0,10.378733755535734,29.50485697566586
2025-12-02 21:00:00,R005,13.176867956019578,1,17.957075666800687,29.658289684384386
2025-12-02 21:00:00,R006,13.160078884857075,0,28.937973766935734,37.89809191506554
2025-12-02 21:00:00,R007,2.121943299846738,1,22.560729474572014,34.03608355185039
2025-12-02 21:00:00,R008,13.489392262802484,1,34.3535626417445,41.89993769070588
2025-12-02 21:00:00,R009,0.5812228917941087,1,32.66292729690492,49.25271883089394
2025-12-02 21:00:00,R010,15.043761512283734,1,15.10246721954178,41.00415379641894
2025-12-02 21:15:00,R001,2.101462958645306,1,12.705210737651784,10.74272175737508
2025-12-02 21:15:00,R002,7.0571028548110215,0,11.11420238709134,43.20766143186875
2025-12-02 21:15:00,R003,17.184287412338016,0,18.700206557180096,2.555475909961835
2025-12-02 21:15:00,R004,8.067794168120376,1,18.67159346849569,33.913312930912035
2025-12-02 21:15:00,R005,14.396267324628047,0,27.301300444392957,30.32565642362432
2025-12-02 21:15:00,R006,7.853938145560749,0,22.790181188213065,27.008460279701634
2025-12-02 21:15:00,R007,4.793981757652821,0,32.24014892288591,21.620568765576
2025-12-02 21:15:00,R008,8.66197633424046,0,26.327289865692958,20.92712808938012
2025-12-02 21:15:00,R009,16.171971698971713,0,19.406202643428593,19.035109932545158
2025-12-02 21:15:00,R010,3.97768174154586,1,31.336267105256308,34.36190255475394
2025-12-02 21:30:00,R001,13.396200631760136,0,28.513829930904315,38.268880800893236
2025-12-02 21:30:00,R002,4.739192247664219,0,11.220438461169085,28.448956460619858
2025-12-02 21:30:00,R003,0.7026255249209679,1,13.067029809087272,12.133721657347857
2025-12-02 21:30:00,R004,12.362635155298376,0,12.213289947827837,38.36239301065501
2025-12-02 21:30:00,R005,4.5069595128069935,1,10.21546132019269,30.5190469788508
2025-12-02 21:30:00,R006,2.348136862223531,0,29.180798020418525,43.370614267750355
2025-12-02 21:30:00,R007,16.017525831889735,0,18.46590535009906,24.977421728723126
2025-12-02 21:30:00,R008,19.226878634225322,0,27.572448967338154,34.9257521994323
2025-12-02 21:30:00,R009,8.320206854377725,0,25.783350138418683,38.59048129682793
2025-12-02 21:30:00,R010,0.9629520414710568,0,24.081135787703136,28.812772044560425
2025-12-02 21:45:00,R001,0.07706440176622031,1,33.19710193731238,14.883390276309216
2025-12-02 21:45:00,R002,13.708090323356604,1,11.210367162036269,0.13049569816420137
2025-12-02 21:45:00,R003,8.67257449413646,1,11.269589679912587,14.59486037915682
2025-12-02 21:45:00,R004,0.6844553140338583,0,23.347903461524535,14.392463149583602
2025-12-02 21:45:00,R005,12.060294689619003,0,12.566005337859156,11.785431251985262
2025-12-02 21:45:00,R006,3.265832126009962,0,24.13256403079426,25.954923893340677
2025-12-02 21:45:00,R007,12.247306266965275,0,13.435864440116973,46.99410414767548
2025-12-02 21:45:00,R008,3.5781778415410903,1,14.669416969392243,13.82051993939904
2025-12-02 21:45:00,R009,18.14255437460512,0,19.337785874522734,34.285400336534714
2025-12-02 21:45:00,R010,14.785016149100676,0,23.215255114429777,28.766665915258894
2025-12-02 22:00:00,R001,14.337122781776285,0,33.62929069870627,26.023224221999193
2025-12-02 22:00:00,R002,4.325146088984724,0,26.319959245844274,22.62725533803956
2025-12-02 22:00:00,R003,0.25120866819835275,0,20.430023492187384,47.06745468950729
2025-12-02 22:00:00,R004,2.43139339690702,0,11.37033200138448,44.881168663214396
2025-12-02 22:00:00,R005,16.982111937454263,0,27.015742703744184,37.33537821221958
2025-12-02 22:00:00,R006,3.98413534120881,0,14.135921172554774,15.39611680650162
2025-12-02 22:00:00,R007,1.3739390092012305,0,16.2168492098247,32.253719151761004
2025-12-02 22:00:00,R008,5.914885653109598,0,12.973782312752668,30.37324592190778
2025-12-02 22:00:00,R009,8.62641199917363,1,17.838626413196852,26.266679757225535
2025-12-02 22:00:00,R010,14.718656784905829,1,10.843406127988,29.144125455628906
2025-12-02 22:15:00,R001,18.38084113571895,1,24.80200611284792,18.301508456110138
2025-12-02 22:15:00,R002,1.674532424680304,0,31.790963184373464,12.975310815508777
2025-12-02 22:15:00,R003,14.107162937641014,0,22.66028645664395,22.83651047116322
2025-12-02 22:15:00,R004,7.950401719655467,0,20.622413028424553,11.10807640702703
2025-12-02 22:15:00,R005,5.620740654143885,1,32.22061496771994,45.592587455657636
2025-12-02 22:15:00,R006,7.561548323926335,1,12.331437822133076,35.01562161105382
2025-12-02 22:15:00,R007,0.9474894381651433,0,28.28496262127205,33.35977784499141
2025-12-02 22:15:00,R008,10.639218465447337,0,32.923445447109174,28.513432215980554
2025-12-02 22:15:00,R009,13.332368408174863,0,32.23356371793456,28.944133762826183
2025-12-02 22:15:00,R010,9.317788559047091,1,24.1728147320096,3.324347015594875
2025-12-02 22:30:00,R001,12.802307608144085,1,16.954020765921086,16.908082357386323
2025-12-02 22:30:00,R002,2.0115312076204073,0,23.270274749386807,1.5649583931242383
2025-12-02 22:30:00,R003,12.97551623505717,0,32.39426874517834,19.391973766030834
2025-12-02 22:30:00,R004,19.47504203885564,1,28.5684080141018,49.03779418780377
2025-12-02 22:30:00,R005,1.3680553706107812,1,11.349640443867841,36.34852268613395
2025-12-02 22:30:00,R006,0.07293535237887117,0,29.242814275623985,12.597306247940926
2025-12-02 22:30:00,R007,4.896578782332579,0,10.090620008734591,30.485887546325586
2025-12-02 22:30:00,R008,6.977348305718632,0,18.607303097311267,15.239774068090755
2025-12-02 22:30:00,R009,2.346883946055933,0,17.099117847839143,15.045508775222533
2025-12-02 22:30:00,R010,0.41700047735244494,0,13.20607229912164,32.586865831847724
2025-12-02 22:45:00,R001,15.874511229214342,0,34.57450558303075,28.82993729584184
2025-12-02 22:45:00,R002,15.77151454048806,0,14.806322523548328,49.35699627623206
2025-12-02 22:45:00,R003,15.202154343602967,0,18.087672627731497,40.866608179180176
2025-12-02 22:45:00,R004,8.595445101504321,0,11.772015832601294,31.08686949044866
2025-12-02 22:45:00,R005,10.783882209919675,0,32.30769782125377,47.360603301577484
2025-12-02 22:45:00,R006,16.491078289691007,0,20.779222708531968,5.370671890566403
2025-12-02 22:45:00,R007,3.74488516371986,0,20.108662023467545,8.82145844722671
2025-12-02 22:45:00,R008,16.020616624166685,0,19.958764878485912,18.31022832906988
2025-12-02 22:45:00,R009,2.357008419310964,1,29.291443857494688,41.708802635521636
2025-12-02 22:45:00,R010,9.304462203220243,1,28.266725889490218,26.188831248346144
2025-12-02 23:00:00,R001,13.689998426936219,0,11.530929258916045,22.319445639083686
2025-12-02 23:00:00,R002,16.615749622949508,1,16.194844399133267,34.28618063568125
2025-12-02 23:00:00,R003,10.6086122056868,0,33.10280173840835,49.2116886257152
2025-12-02 23:00:00,R004,7.484619704508397,0,31.450818946100824,1.491753967613646
2025-12-02 23:00:00,R005,12.929216330393674,0,13.291804876931872,34.907225721193754
2025-12-02 23:00:00,R006,8.58558998246493,0,19.410438901727094,4.932487614137332
2025-12-02 23:00:00,R007,15.49795520533645,0,20.192636944468425,9.16718945463219
2025-12-02 23:00:00,R008,6.820595900526465,0,18.3232698016266,25.125714584686882
2025-12-02 23:00:00,R009,18.27627780009276,1,17.081739413950785,46.181228669054185
2025-12-02 23:00:00,R010,11.003285876352965,0,34.19719191959023,39.86740080968118
2025-12-02 23:15:00,R001,0.24707959770083887,0,13.143619236895056,22.96872835960937
2025-12-02 23:15:00,R002,4.8881743803518525,0,21.101282948030153,49.45380678317506
2025-12-02 23:15:00,R003,7.125960705067486,1,24.72240330997429,36.43248745212036
2025-12-02 23:15:00,R004,15.028294377359915,0,18.006340041213726,38.68898491135451
2025-12-02 23:15:00,R005,4.533426018927232,0,10.82743072053204,42.17066834244849
2025-12-02 23:15:00,R006,7.6831776035272465,0,31.464627255306382,19.26037762655924
2025-12-02 23:15:00,R007,11.270682642550318,0,30.129156619319037,4.002892590407186
2025-12-02 23:15:00,R008,4.45126560937362,0,19.98472236709533,20.17072475256584
2025-12-02 23:15:00,R009,8.946413030555115,0,24.296301002765823,0.899590849549381
2025-12-02 23:15:00,R010,14.242304133536889,1,12.455278149853982,26.281635117778002
2025-12-02 23:30:00,R001,10.176247069701706,0,18.247908053586276,10.899761795491585
2025-12-02 23:30:00,R002,11.541039202138652,0,26.402813893360015,30.70384214744497
2025-12-02 23:30:00,R003,7.160008782451827,0,16.647007747782535,4.933101611309371
2025-12-02 23:30:00,R004,0.013198423659297465,1,17.688414211794623,32.88556373206723
2025-12-02 23:30:00,R005,6.256720850271098,0,12.152618053795653,36.566080452704725
2025-12-02 23:30:00,R006,5.520752367108102,0,18.732702109031095,8.894671393591109
2025-12-02 23:30:00,R007,3.9440782202171287,1,34.14704593978005,2.5858616413396485
2025-12-02 23:30:00,R008,10.84071215315409,1,18.994330248771092,38.71985502521183
2025-12-02 23:30:00,R009,0.3394993314729966,0,22.201571875102687,15.43634898214053
2025-12-02 23:30:00,R010,8.172474528515126,0,29.506460671154763,40.1938825932631
2025-12-02 23:45:00,R001,8.46041205910167,1,26.34871376401625,4.602076866587562
2025-12-02 23:45:00,R002,9.031653543214686,0,19.27184892443313,5.337605104645727
2025-12-02 23:45:00,R003,9.522610213669175,0,25.42802062927447,43.83288655582733
2025-12-02 23:45:00,R004,8.24242071304067,1,11.410677105674393,19.066156471751
2025-12-02 23:45:00,R005,10.25795539713119,0,26.772072409866496,35.57862061546282
2025-12-02 23:45:00,R006,11.051049189618798,1,25.721965885552414,48.036327916989876
2025-12-02 23:45:00,R007,16.27285751290563,0,18.32803698061501,22.130428712556878
2025-12-02 23:45:00,R008,10.381824769720234,1,26.753029221507425,24.716383045244527
2025-12-02 23:45:00,R009,16.819910251706062,0,25.153613489561344,20.29121698028158
2025-12-02 23:45:00,R010,7.797267267005134,0,27.60372117547788,48.02665617686172
